Age,BMI,Daily_Calories,Protein,Carbohydrates,Fat,Fiber,Nutrition_Category
56,19.5,2281.0,73.1,240.2,73.3,15.8,Balanced
46,42.4,1707.0,69.6,303.1,57.2,34.6,Balanced
32,25.2,2462.0,82.0,273.6,68.9,26.0,Balanced
60,30.9,2055.0,74.5,217.2,34.1,31.6,Balanced
25,14.6,2191.0,78.1,275.9,53.4,19.0,Balanced
38,39.7,2854.0,93.9,321.6,52.5,13.4,High Calorie Intake
56,31.8,1724.0,24.2,148.7,43.2,24.3,Low Nutrition Intake
36,20.8,1797.0,58.4,273.5,81.9,21.3,Balanced
40,24.3,1728.0,84.1,284.6,89.9,28.9,Balanced
28,26.8,3232.0,67.8,502.1,97.0,12.9,High Calorie Intake
28,16.5,2620.0,57.4,186.1,66.7,25.0,Balanced
41,31.1,2091.0,91.9,223.7,65.9,22.8,Balanced
53,22.9,1236.0,44.3,219.8,65.4,16.3,Low Nutrition Intake
57,21.9,1497.0,77.5,262.0,78.1,26.1,Balanced
41,29.4,1751.0,49.7,244.6,34.7,14.6,Low Nutrition Intake
20,38.4,2365.0,70.0,228.4,56.2,20.5,Balanced
39,34.3,1575.0,23.0,135.5,62.4,11.1,Low Nutrition Intake
19,31.7,2202.0,57.2,263.8,54.9,15.6,Balanced
41,24.4,1771.0,59.2,186.2,52.0,21.6,Low Nutrition Intake
61,28.2,2346.0,84.7,268.0,74.1,22.8,Balanced
47,33.4,2856.0,79.2,356.3,97.7,16.0,High Calorie Intake
55,14.9,1726.0,31.4,216.6,49.5,17.1,Low Nutrition Intake
19,26.8,1940.0,54.3,282.4,67.6,31.0,Balanced
38,31.9,1968.0,88.6,302.2,63.7,27.5,Balanced
50,25.8,1542.0,35.1,208.6,59.5,14.1,Low Nutrition Intake
29,17.5,2453.0,61.0,291.0,130.8,19.8,High Calorie Intake
39,31.0,1330.0,28.0,160.8,32.3,14.4,Low Nutrition Intake
61,23.4,2170.0,96.8,232.3,43.9,18.1,Balanced
42,24.5,2144.0,67.8,248.3,58.6,30.9,Balanced
44,16.1,1997.0,72.7,288.7,57.1,27.5,Balanced
59,18.4,2236.0,80.0,214.6,82.2,38.3,Balanced
45,33.2,1452.0,32.4,191.0,51.9,11.5,Low Nutrition Intake
33,29.4,1419.0,49.1,232.1,49.3,17.3,Low Nutrition Intake
32,18.5,2805.0,78.4,343.9,121.9,21.8,High Calorie Intake
64,35.3,2294.0,72.9,251.9,90.3,22.9,Balanced
61,42.9,3307.0,77.4,363.3,78.1,17.1,High Calorie Intake
20,39.8,2981.0,100.9,337.0,150.9,17.9,High Calorie Intake
54,18.6,3078.0,62.5,395.7,114.5,20.7,High Calorie Intake
24,23.2,1896.0,97.7,274.5,73.5,23.7,Balanced
38,45.6,1909.0,79.0,267.5,45.6,29.8,Balanced
26,36.2,3289.0,60.3,328.9,98.9,16.1,High Calorie Intake
56,18.4,2081.0,77.1,268.9,45.8,17.5,Balanced
35,15.6,900.0,56.3,190.5,52.6,9.4,Low Nutrition Intake
21,32.0,2958.0,75.4,351.9,73.9,24.7,High Calorie Intake
42,41.9,3426.0,65.9,405.5,95.3,11.0,High Calorie Intake
31,23.3,2625.0,54.8,248.6,66.2,34.9,Balanced
26,30.3,1665.0,24.9,189.9,40.3,13.1,Low Nutrition Intake
43,16.5,2311.0,58.3,243.7,71.7,29.1,Balanced
19,33.2,3001.0,67.4,374.0,119.8,16.2,High Calorie Intake
37,39.8,2596.0,52.3,305.5,134.1,20.0,High Calorie Intake
45,26.6,1424.0,39.6,169.9,53.1,21.6,Low Nutrition Intake
64,28.6,1305.0,58.7,191.0,37.5,20.0,Low Nutrition Intake
24,30.3,2947.0,76.7,392.4,72.5,17.4,High Calorie Intake
61,17.0,2004.0,58.1,239.3,57.6,31.2,Balanced
25,27.8,1873.0,66.9,269.4,46.4,21.0,Balanced
64,19.9,2384.0,86.7,364.9,104.7,20.6,High Calorie Intake
52,37.0,1277.0,41.3,153.0,27.3,10.3,Low Nutrition Intake
31,30.5,2022.0,72.6,271.5,52.5,26.9,Balanced
34,24.1,1566.0,39.4,161.8,41.0,13.2,Low Nutrition Intake
53,41.0,2207.0,100.0,262.7,56.1,19.7,Balanced
57,29.2,2660.0,48.6,426.6,60.3,18.4,High Calorie Intake
21,39.9,1924.0,70.8,224.1,85.2,25.1,Balanced
19,33.7,3219.0,92.8,388.2,81.1,14.9,High Calorie Intake
23,22.0,1957.0,71.0,256.2,63.1,27.5,Balanced
59,28.9,2295.0,76.1,276.1,57.3,32.9,Balanced
21,33.3,1314.0,59.4,138.3,35.4,12.7,Low Nutrition Intake
46,18.6,2223.0,90.1,210.0,49.5,16.6,Balanced
35,28.9,2493.0,82.2,216.6,58.8,32.1,Balanced
43,37.1,1383.0,41.0,162.7,27.7,18.7,Low Nutrition Intake
61,24.0,2585.0,64.2,316.2,58.2,28.2,Balanced
51,38.1,2517.0,76.0,246.9,76.2,18.3,Balanced
27,17.7,3340.0,74.3,351.1,92.9,9.1,High Calorie Intake
53,22.1,2011.0,74.3,217.5,64.4,27.8,Balanced
31,18.3,2877.0,82.6,339.6,125.1,16.6,High Calorie Intake
48,35.6,1821.0,74.0,173.5,34.9,13.0,Low Nutrition Intake
32,28.5,1593.0,60.9,167.2,44.6,13.5,Low Nutrition Intake
25,19.3,2311.0,99.1,250.4,41.6,29.5,Balanced
31,27.3,1933.0,76.0,291.5,69.2,24.4,Balanced
40,23.2,1312.0,15.0,214.4,37.0,20.1,Low Nutrition Intake
57,15.3,3085.0,63.3,433.3,128.0,14.9,High Calorie Intake
38,40.5,3356.0,63.1,388.0,116.4,19.9,High Calorie Intake
33,27.3,2312.0,73.3,303.7,63.3,21.6,Balanced
62,26.2,1317.0,68.3,164.0,55.5,9.5,Low Nutrition Intake
35,29.9,3116.0,76.8,461.1,91.9,11.3,High Calorie Intake
64,21.2,2120.0,101.3,224.6,28.8,25.4,Balanced
41,37.3,3273.0,55.8,422.4,84.3,15.3,High Calorie Intake
43,37.4,3206.0,53.0,389.1,129.3,18.4,High Calorie Intake
42,32.2,2705.0,96.3,412.9,67.8,20.3,High Calorie Intake
62,18.6,2001.0,80.8,300.3,57.3,15.1,Balanced
58,31.8,1811.0,59.0,186.9,50.2,12.5,Low Nutrition Intake
46,27.5,2175.0,76.0,246.8,70.0,17.8,Balanced
32,22.6,2085.0,82.4,333.5,48.7,28.1,Balanced
62,13.6,3164.0,42.0,400.5,122.6,18.9,High Calorie Intake
18,21.9,1430.0,49.0,195.9,19.7,14.8,Low Nutrition Intake
42,26.2,1362.0,36.5,277.0,55.0,9.4,Low Nutrition Intake
24,35.8,3068.0,95.3,305.2,106.5,16.6,High Calorie Intake
26,38.0,2517.0,78.1,435.8,135.2,14.8,High Calorie Intake
41,21.9,3801.0,39.1,397.8,76.8,16.5,High Calorie Intake
18,25.5,2773.0,80.1,373.7,88.5,12.2,High Calorie Intake
61,23.5,2652.0,84.2,191.9,72.7,23.8,Balanced
25,32.2,2151.0,89.5,307.3,53.0,24.8,Balanced
41,36.3,2764.0,81.5,368.4,105.6,14.6,High Calorie Intake
28,26.1,2122.0,101.9,355.6,70.3,24.4,Balanced
34,28.3,1735.0,67.4,254.9,55.0,21.3,Balanced
25,19.0,1828.0,45.3,194.1,31.9,18.7,Low Nutrition Intake
52,29.3,2095.0,70.7,196.8,64.1,21.7,Balanced
52,41.7,3523.0,101.5,318.2,82.6,14.6,High Calorie Intake
50,30.0,1254.0,47.6,178.6,43.4,18.1,Low Nutrition Intake
22,19.2,1195.0,56.9,164.5,65.8,20.5,Low Nutrition Intake
59,21.8,2121.0,64.5,213.8,77.2,24.8,Balanced
56,31.3,1672.0,71.5,163.0,25.2,14.8,Low Nutrition Intake
58,21.5,1725.0,33.7,191.2,56.4,7.5,Low Nutrition Intake
45,17.8,2211.0,70.4,265.0,74.9,26.3,Balanced
24,35.6,2607.0,64.0,451.3,111.6,20.2,High Calorie Intake
26,27.2,2215.0,89.3,244.2,54.3,29.6,Balanced
25,18.4,1721.0,34.0,169.8,38.0,20.5,Low Nutrition Intake
29,21.7,1585.0,29.1,186.7,37.0,9.3,Low Nutrition Intake
51,18.4,2123.0,73.9,245.5,59.3,33.8,Balanced
50,28.6,2055.0,78.7,257.6,57.9,25.5,Balanced
40,29.3,2972.0,73.3,337.0,100.9,19.8,High Calorie Intake
41,27.9,2103.0,80.3,266.7,70.8,28.4,Balanced
54,35.8,2891.0,57.4,319.1,125.4,19.9,High Calorie Intake
52,27.1,1606.0,54.7,184.3,32.5,10.1,Low Nutrition Intake
61,25.9,1867.0,95.0,240.3,79.8,23.9,Balanced
57,34.8,1288.0,31.9,169.4,57.0,9.7,Low Nutrition Intake
39,28.1,3670.0,58.6,417.5,102.1,14.4,High Calorie Intake
44,38.5,1819.0,76.6,213.7,41.5,25.7,Balanced
52,26.0,1985.0,101.6,300.0,88.8,20.9,Balanced
18,20.1,1483.0,15.0,180.1,41.2,14.6,Low Nutrition Intake
52,28.7,1440.0,45.8,95.0,43.1,15.9,Low Nutrition Intake
54,22.6,2498.0,83.2,254.8,80.5,10.9,Balanced
64,27.6,1326.0,35.8,188.8,15.0,19.3,Low Nutrition Intake
31,14.0,2085.0,82.5,268.9,82.7,13.8,Balanced
20,17.3,1477.0,58.8,186.6,28.6,11.6,Low Nutrition Intake
18,38.3,2048.0,67.9,253.9,86.1,21.4,Balanced
22,25.6,2784.0,79.4,371.3,78.4,15.7,High Calorie Intake
43,37.0,2916.0,87.6,331.4,124.6,15.5,High Calorie Intake
31,20.4,2573.0,51.1,476.7,101.8,20.7,High Calorie Intake
56,36.1,1040.0,76.7,221.3,36.9,12.8,Low Nutrition Intake
44,30.0,1626.0,53.1,196.4,40.1,16.2,Low Nutrition Intake
26,25.1,1697.0,72.8,194.1,73.5,20.9,Balanced
32,23.7,1741.0,66.9,266.0,62.1,18.0,Balanced
32,17.7,1707.0,79.0,236.8,61.4,24.0,Balanced
43,19.7,1553.0,55.2,195.1,36.2,14.1,Low Nutrition Intake
59,27.0,1369.0,25.3,228.2,50.8,22.0,Low Nutrition Intake
30,26.2,1997.0,30.9,178.3,70.1,13.8,Low Nutrition Intake
49,35.1,3033.0,47.7,387.5,143.6,22.4,High Calorie Intake
56,30.9,1304.0,40.2,150.4,29.8,6.4,Low Nutrition Intake
49,32.5,2128.0,99.1,274.2,84.1,31.4,Balanced
21,36.1,1319.0,35.9,164.8,19.4,14.1,Low Nutrition Intake
47,25.4,1395.0,86.3,262.9,71.6,31.3,Balanced
54,18.3,2202.0,100.8,284.9,54.4,23.6,Balanced
40,31.5,2181.0,57.6,361.0,115.9,12.2,High Calorie Intake
56,32.9,2526.0,41.8,350.2,144.0,17.4,High Calorie Intake
62,26.1,2394.0,65.4,197.1,47.9,24.4,Balanced
32,19.1,2272.0,55.9,350.7,78.6,5.4,High Calorie Intake
60,30.4,3048.0,72.7,419.0,82.8,19.8,High Calorie Intake
46,20.8,3470.0,76.2,349.5,107.9,12.7,High Calorie Intake
53,40.1,2670.0,82.9,373.0,129.1,13.8,High Calorie Intake
30,22.0,1368.0,38.2,150.8,49.8,22.7,Low Nutrition Intake
49,24.1,2051.0,68.5,230.2,55.5,34.9,Balanced
24,41.8,1278.0,38.0,146.6,43.5,13.7,Low Nutrition Intake
39,17.5,1177.0,34.3,243.7,40.4,14.4,Low Nutrition Intake
45,20.6,2986.0,94.3,327.7,97.1,15.2,High Calorie Intake
19,14.8,1702.0,65.2,301.9,75.6,30.6,Balanced
59,26.9,2750.0,64.5,290.6,123.6,21.5,High Calorie Intake
62,32.2,3319.0,97.7,401.1,136.1,15.0,High Calorie Intake
23,19.6,2349.0,85.8,289.8,108.4,20.8,High Calorie Intake
45,28.5,3060.0,108.5,281.7,103.3,16.1,High Calorie Intake
45,24.4,1127.0,31.2,160.4,26.8,13.6,Low Nutrition Intake
61,34.7,1305.0,48.8,212.7,47.0,12.4,Low Nutrition Intake
61,35.8,2224.0,92.5,277.8,91.0,30.9,Balanced
37,26.0,1862.0,15.1,193.4,36.1,13.5,Low Nutrition Intake
47,13.1,1257.0,49.8,126.7,44.8,10.9,Low Nutrition Intake
28,44.7,2020.0,84.1,263.2,79.8,19.2,Balanced
45,27.9,2923.0,86.2,398.1,113.5,21.5,High Calorie Intake
42,18.1,2044.0,69.4,283.0,62.9,31.7,Balanced
56,38.3,2246.0,69.3,273.5,52.4,30.7,Balanced
50,20.7,1787.0,95.1,272.8,62.7,29.6,Balanced
18,28.0,1573.0,61.0,236.2,44.2,10.5,Low Nutrition Intake
44,22.6,1320.0,44.1,227.9,34.5,12.5,Low Nutrition Intake
30,27.6,3578.0,70.3,348.3,120.5,15.7,High Calorie Intake
58,29.5,1789.0,92.6,230.1,65.6,24.6,Balanced
20,14.5,3028.0,36.9,363.2,127.5,22.3,High Calorie Intake
56,16.7,1212.0,56.0,163.3,35.5,12.7,Low Nutrition Intake
23,13.0,2987.0,88.0,393.2,102.5,20.8,High Calorie Intake
25,25.6,1941.0,76.9,299.8,72.4,22.2,Balanced
44,18.5,1757.0,82.4,196.9,62.0,32.1,Balanced
26,24.0,2305.0,49.7,268.0,60.5,17.4,Balanced
54,23.7,3064.0,64.1,355.7,107.5,12.9,High Calorie Intake
50,18.8,2175.0,69.7,238.5,78.9,31.6,Balanced
59,39.0,1706.0,88.5,315.9,86.8,28.1,Balanced
61,15.8,2590.0,82.1,336.5,98.1,17.9,High Calorie Intake
41,39.1,2676.0,53.7,403.3,142.3,22.2,High Calorie Intake
32,40.1,2334.0,91.7,285.5,71.3,30.4,Balanced
49,36.3,2485.0,75.2,376.0,106.6,13.7,High Calorie Intake
49,25.5,2285.0,66.5,238.6,55.8,30.2,Balanced
41,36.8,1447.0,39.5,176.9,40.0,20.5,Low Nutrition Intake
58,17.5,1829.0,87.5,278.9,52.6,33.8,Balanced
29,21.4,3133.0,63.9,287.0,109.6,15.8,High Calorie Intake
56,22.5,2600.0,55.3,423.4,65.9,17.6,High Calorie Intake
19,31.5,2101.0,85.0,248.2,69.1,20.5,Balanced
20,14.3,2137.0,84.8,266.0,70.3,19.4,Balanced
54,30.2,1308.0,38.1,180.3,56.3,12.6,Low Nutrition Intake
34,34.2,2561.0,80.7,447.3,79.8,25.9,High Calorie Intake
19,28.0,3091.0,88.5,453.4,124.5,15.4,High Calorie Intake
19,25.0,2467.0,81.6,303.6,81.8,18.5,Balanced
45,19.2,3220.0,69.1,386.9,107.5,16.4,High Calorie Intake
40,41.6,3468.0,50.1,293.9,66.3,21.3,High Calorie Intake
54,23.7,1949.0,79.9,255.4,52.6,30.1,Balanced
49,22.8,1419.0,42.1,198.2,48.6,10.2,Low Nutrition Intake
50,14.8,2377.0,98.3,203.0,68.9,23.2,Balanced
18,34.0,2332.0,61.0,325.2,42.5,23.5,Balanced
36,24.2,2263.0,68.4,226.3,68.1,25.5,Balanced
19,28.6,2152.0,90.0,244.2,69.5,22.0,Balanced
61,27.1,2661.0,67.4,355.1,96.0,21.8,High Calorie Intake
43,29.5,1389.0,37.0,191.0,41.3,9.3,Low Nutrition Intake
49,23.3,2072.0,73.3,253.1,75.2,25.8,Balanced
23,25.7,2469.0,77.8,331.0,58.5,20.4,Balanced
49,22.4,2292.0,97.1,204.8,62.2,21.3,Balanced
21,23.2,2187.0,78.1,313.8,63.5,33.2,Balanced
28,26.7,1374.0,56.1,198.0,60.8,8.1,Low Nutrition Intake
34,22.6,1171.0,67.0,164.3,32.0,10.5,Low Nutrition Intake
55,30.2,2449.0,60.5,260.9,61.3,31.2,Balanced
41,25.8,2003.0,83.8,213.2,96.8,23.6,Balanced
22,29.2,1452.0,64.9,169.5,60.0,12.4,Low Nutrition Intake
51,25.7,3178.0,62.8,312.2,113.3,19.2,High Calorie Intake
23,31.6,1808.0,73.7,308.0,73.4,22.6,Balanced
39,36.6,1995.0,105.3,202.1,64.2,16.2,Balanced
28,22.0,3397.0,71.9,388.9,160.4,13.0,High Calorie Intake
33,29.0,1870.0,40.3,181.8,71.7,13.4,Low Nutrition Intake
50,19.6,1120.0,48.4,184.0,44.4,13.5,Low Nutrition Intake
26,26.8,3703.0,80.9,326.3,107.5,12.0,High Calorie Intake
23,32.3,2086.0,65.3,344.3,55.3,29.1,Balanced
33,37.0,2066.0,61.8,267.9,70.6,28.4,Balanced
46,28.4,2058.0,52.2,427.9,86.5,17.0,High Calorie Intake
20,29.0,2522.0,83.7,426.6,119.6,21.2,High Calorie Intake
37,32.8,3482.0,53.2,340.6,123.0,21.7,High Calorie Intake
53,24.0,1975.0,67.6,233.9,42.5,17.4,Balanced
36,33.0,1826.0,73.9,270.8,71.1,21.9,Balanced
43,13.9,2024.0,79.7,200.2,78.4,32.7,Balanced
20,18.3,1300.0,40.2,233.5,38.5,16.4,Low Nutrition Intake
36,28.3,2126.0,99.8,279.6,72.7,28.4,Balanced
37,26.4,1317.0,39.4,216.9,41.5,9.3,Low Nutrition Intake
49,13.9,3587.0,87.6,381.9,99.5,17.0,High Calorie Intake
24,15.1,2285.0,49.5,344.5,53.9,25.0,Balanced
58,21.6,2159.0,106.0,256.5,87.2,27.4,Balanced
50,33.9,1900.0,79.9,255.3,49.8,27.1,Balanced
57,26.4,1455.0,51.7,196.8,32.2,17.1,Low Nutrition Intake
56,20.6,1300.0,15.0,194.5,33.4,15.5,Low Nutrition Intake
35,22.4,2670.0,106.4,253.4,53.4,28.5,Balanced
57,23.2,1361.0,49.7,166.9,43.0,10.8,Low Nutrition Intake
18,20.0,2458.0,69.7,286.4,47.3,29.7,Balanced
28,18.9,2621.0,76.2,431.2,101.0,10.9,High Calorie Intake
45,26.1,3119.0,58.5,359.8,110.3,22.8,High Calorie Intake
42,17.9,2157.0,78.3,289.5,65.7,28.8,Balanced
40,18.4,1709.0,41.1,80.0,30.2,18.8,Low Nutrition Intake
48,23.1,2939.0,66.6,438.3,103.0,5.5,High Calorie Intake
47,19.0,2438.0,78.7,376.7,134.1,12.3,High Calorie Intake
59,15.7,1376.0,34.4,171.8,17.3,12.5,Low Nutrition Intake
52,24.3,2932.0,69.8,487.5,141.7,12.2,High Calorie Intake
24,40.2,959.0,43.8,203.2,29.7,10.8,Low Nutrition Intake
33,22.3,3488.0,67.9,413.1,86.4,15.7,High Calorie Intake
43,22.1,2836.0,61.2,437.8,77.2,17.5,High Calorie Intake
19,17.9,1365.0,50.0,178.0,50.4,10.2,Low Nutrition Intake
18,28.0,3344.0,71.5,313.6,118.6,15.0,High Calorie Intake
29,27.9,1706.0,82.7,300.3,82.9,22.7,Balanced
22,18.3,2999.0,72.8,454.5,88.8,13.7,High Calorie Intake
54,25.2,1933.0,57.7,269.9,87.4,23.8,Balanced
49,16.4,2650.0,75.0,409.5,101.9,23.0,High Calorie Intake
26,26.9,1255.0,41.6,200.4,44.7,14.2,Low Nutrition Intake
58,22.6,1818.0,110.7,250.6,66.5,28.7,Balanced
52,38.6,1297.0,45.7,166.3,45.0,12.9,Low Nutrition Intake
36,29.5,3041.0,55.3,338.6,77.7,12.4,High Calorie Intake
33,29.6,2075.0,67.1,353.3,108.0,16.2,High Calorie Intake
20,34.7,3377.0,113.5,436.9,95.9,13.5,High Calorie Intake
37,17.6,3245.0,45.1,364.2,100.2,18.9,High Calorie Intake
41,26.0,1597.0,36.1,175.5,45.3,10.8,Low Nutrition Intake
50,20.0,2464.0,86.5,266.9,70.5,22.2,Balanced
41,27.3,1300.0,39.9,207.5,42.4,12.3,Low Nutrition Intake
28,28.9,1630.0,42.9,165.7,43.1,9.9,Low Nutrition Intake
25,28.9,1045.0,44.9,167.0,37.0,10.1,Low Nutrition Intake
53,24.8,2464.0,68.7,242.7,70.3,16.7,Balanced
55,23.9,1102.0,49.6,174.4,29.2,16.4,Low Nutrition Intake
57,19.1,1255.0,41.7,158.6,43.6,19.3,Low Nutrition Intake
37,30.4,1003.0,46.4,220.0,34.9,9.5,Low Nutrition Intake
52,34.6,1551.0,57.0,221.2,44.4,14.4,Low Nutrition Intake
42,40.0,2644.0,85.8,420.5,82.2,17.8,High Calorie Intake
52,16.3,3172.0,86.1,376.3,87.8,13.5,High Calorie Intake
42,30.6,2608.0,71.2,367.7,147.9,20.5,High Calorie Intake
46,18.7,2402.0,84.6,245.3,61.1,23.9,Balanced
35,18.9,1495.0,49.7,190.0,36.5,11.6,Low Nutrition Intake
63,16.8,2476.0,92.5,490.3,129.0,9.7,High Calorie Intake
35,34.6,2355.0,92.3,243.9,71.8,22.3,Balanced
19,34.2,1817.0,49.4,157.9,48.0,18.2,Low Nutrition Intake
52,16.5,1498.0,50.8,187.6,26.4,13.4,Low Nutrition Intake
33,29.0,1576.0,43.5,218.0,35.3,12.7,Low Nutrition Intake
58,21.4,1649.0,47.7,175.6,52.4,11.2,Low Nutrition Intake
53,23.3,1961.0,38.4,237.8,83.3,12.6,Balanced
50,18.2,1903.0,84.1,170.2,57.9,31.8,Balanced
21,23.2,1940.0,48.5,157.6,28.5,14.6,Low Nutrition Intake
50,26.9,1517.0,67.3,224.0,41.0,12.7,Low Nutrition Intake
31,18.3,3975.0,82.0,346.6,100.5,11.6,High Calorie Intake
38,15.9,900.0,48.8,252.4,20.4,14.2,Low Nutrition Intake
37,22.2,1966.0,85.3,253.1,46.0,19.1,Balanced
25,39.3,2668.0,93.5,444.7,98.8,22.1,High Calorie Intake
24,24.8,1408.0,41.1,192.0,43.4,11.8,Low Nutrition Intake
20,25.9,1455.0,54.4,194.5,40.5,16.0,Low Nutrition Intake
34,21.5,2323.0,77.1,241.0,67.6,15.4,Balanced
50,23.8,2095.0,43.4,193.0,39.4,31.3,Balanced
29,13.4,2154.0,60.3,279.6,78.8,28.1,Balanced
39,26.2,2886.0,75.7,425.1,95.6,16.1,High Calorie Intake
39,29.6,1388.0,25.6,222.1,64.7,10.5,Low Nutrition Intake
63,25.8,2400.0,66.2,265.3,86.1,21.9,Balanced
47,31.0,2146.0,52.8,233.4,38.3,27.6,Balanced
55,29.0,1650.0,42.3,200.0,36.1,17.0,Low Nutrition Intake
55,16.1,2184.0,50.2,297.6,59.5,17.4,Balanced
62,40.6,1345.0,22.2,146.3,41.7,14.9,Low Nutrition Intake
25,14.3,2230.0,78.0,232.3,64.2,22.4,Balanced
44,22.5,1060.0,35.7,221.1,59.1,16.6,Low Nutrition Intake
44,23.4,2551.0,79.2,329.7,93.8,14.6,Balanced
51,13.6,2208.0,79.2,243.0,71.9,25.2,Balanced
38,29.2,2700.0,71.6,440.2,108.7,19.1,High Calorie Intake
47,23.5,1384.0,50.4,147.7,34.0,13.6,Low Nutrition Intake
50,23.0,1818.0,66.4,272.5,66.8,29.8,Balanced
45,32.5,1994.0,78.8,233.1,74.9,32.1,Balanced
64,14.3,3114.0,89.0,381.6,121.1,16.4,High Calorie Intake
50,15.6,1884.0,81.5,220.2,97.7,23.0,Balanced
22,27.1,2318.0,77.8,210.7,38.4,29.5,Balanced
36,29.1,3477.0,60.2,297.2,98.5,11.3,High Calorie Intake
21,34.0,2729.0,81.8,377.5,88.4,18.9,High Calorie Intake
52,27.6,2323.0,73.3,265.5,72.3,27.6,Balanced
34,26.7,2161.0,98.1,283.3,58.7,22.3,Balanced
61,28.2,2760.0,82.1,348.9,96.5,21.3,High Calorie Intake
45,27.5,3015.0,91.2,419.9,81.5,15.5,High Calorie Intake
47,27.8,3287.0,52.4,401.0,104.2,7.2,High Calorie Intake
46,20.9,2181.0,66.3,213.3,65.1,13.4,Balanced
63,19.3,1288.0,75.6,212.8,29.4,19.6,Low Nutrition Intake
23,38.8,1892.0,70.2,214.0,68.6,33.2,Balanced
52,22.0,2610.0,39.0,434.5,136.1,6.0,High Calorie Intake
58,31.5,2270.0,81.2,228.5,45.5,31.0,Balanced
54,26.5,2197.0,81.6,235.1,53.8,10.3,Balanced
41,36.0,2872.0,95.0,335.5,74.6,18.2,High Calorie Intake
46,32.5,2311.0,69.8,246.0,68.7,24.1,Balanced
63,20.2,3290.0,111.0,294.5,129.6,16.5,High Calorie Intake
48,27.0,2511.0,88.1,262.4,75.6,22.6,Balanced
52,22.7,1949.0,89.4,226.2,74.0,25.2,Balanced
50,21.3,1544.0,70.0,273.4,59.3,9.7,Balanced
38,34.8,3399.0,74.7,402.2,95.5,18.7,High Calorie Intake
49,33.3,1890.0,36.2,248.3,44.8,10.5,Low Nutrition Intake
40,27.1,1981.0,49.7,213.7,36.8,10.8,Low Nutrition Intake
50,28.9,3007.0,97.3,364.5,104.5,23.3,High Calorie Intake
20,18.3,1378.0,51.1,220.7,37.6,15.2,Low Nutrition Intake
35,26.4,2322.0,72.4,292.6,57.3,20.9,Balanced
42,17.5,1753.0,71.0,227.4,59.4,28.7,Balanced
59,42.7,1701.0,50.4,230.0,71.5,26.7,Balanced
48,19.2,1951.0,94.4,233.7,71.5,22.8,Balanced
20,15.2,1241.0,37.7,215.7,44.3,17.9,Low Nutrition Intake
57,13.1,2244.0,55.4,344.6,70.3,28.1,Balanced
63,25.9,2052.0,93.6,216.3,73.5,12.5,Balanced
41,34.5,2326.0,62.9,271.1,84.0,29.9,Balanced
49,20.1,1744.0,58.5,171.7,47.2,7.1,Low Nutrition Intake
64,21.6,1971.0,97.5,244.6,38.8,37.1,Balanced
39,30.6,1585.0,54.2,155.7,43.4,15.0,Low Nutrition Intake
40,24.0,1253.0,43.0,137.5,35.8,17.9,Low Nutrition Intake
19,29.8,1271.0,67.9,139.7,36.9,11.4,Low Nutrition Intake
44,24.9,1407.0,61.5,155.5,34.6,16.6,Low Nutrition Intake
59,21.3,2982.0,74.8,331.7,103.6,21.7,High Calorie Intake
19,20.6,1064.0,36.6,126.5,46.4,18.9,Low Nutrition Intake
43,40.3,2888.0,55.9,331.2,99.1,14.5,High Calorie Intake
34,20.0,3260.0,61.3,401.8,98.9,12.3,High Calorie Intake
57,30.9,2064.0,82.7,296.6,61.5,17.8,Balanced
50,18.9,1690.0,34.2,199.1,39.7,13.4,Low Nutrition Intake
26,30.3,2023.0,86.7,116.7,80.9,19.5,Balanced
60,14.1,3089.0,77.7,443.7,109.0,11.9,High Calorie Intake
56,23.8,1733.0,73.1,181.7,56.2,23.2,Balanced
46,40.8,1284.0,45.5,181.7,36.1,4.3,Low Nutrition Intake
59,29.0,1813.0,87.0,292.2,39.3,20.1,Balanced
43,15.1,3314.0,60.5,374.4,133.8,14.2,High Calorie Intake
52,15.1,2778.0,69.5,472.7,113.9,16.1,High Calorie Intake
42,26.4,1324.0,51.5,213.1,27.1,16.7,Low Nutrition Intake
41,15.4,2111.0,78.3,224.6,59.4,18.8,Balanced
30,19.1,1191.0,49.5,177.6,24.4,22.7,Low Nutrition Intake
24,32.3,1180.0,58.1,138.3,45.5,13.0,Low Nutrition Intake
53,20.6,2736.0,75.1,383.1,88.8,11.7,High Calorie Intake
62,22.4,1072.0,48.7,146.1,40.0,16.4,Low Nutrition Intake
37,32.1,1500.0,36.3,221.8,35.1,8.7,Low Nutrition Intake
18,18.9,1382.0,52.0,166.4,50.5,10.9,Low Nutrition Intake
25,39.5,2734.0,55.3,414.2,103.9,11.1,High Calorie Intake
63,17.8,2815.0,22.9,418.9,101.6,4.0,High Calorie Intake
33,35.5,1771.0,72.1,207.4,76.1,27.5,Balanced
31,23.5,3072.0,30.3,353.7,91.0,11.2,High Calorie Intake
29,37.3,1350.0,31.5,197.5,49.2,16.7,Low Nutrition Intake
40,41.4,2114.0,106.0,305.6,63.6,22.1,Balanced
32,27.2,2498.0,92.1,203.6,80.2,24.1,Balanced
45,33.1,1243.0,21.2,180.6,39.9,20.3,Low Nutrition Intake
51,25.2,2399.0,69.8,275.6,76.6,25.5,Balanced
19,20.0,2750.0,63.5,399.3,113.3,14.5,High Calorie Intake
49,22.9,900.0,29.5,211.7,15.0,18.7,Low Nutrition Intake
40,21.8,1699.0,45.5,210.9,46.3,13.5,Low Nutrition Intake
39,21.9,1120.0,56.6,239.3,25.5,8.4,Low Nutrition Intake
42,22.9,1417.0,37.5,195.1,54.5,5.0,Low Nutrition Intake
39,23.6,3488.0,65.5,405.6,117.4,19.7,High Calorie Intake
39,27.7,2166.0,82.1,271.6,56.2,14.5,Balanced
59,28.1,1833.0,76.5,228.5,54.0,35.8,Balanced
23,21.9,3242.0,68.0,413.6,96.6,16.6,High Calorie Intake
32,20.6,1556.0,40.0,166.0,54.7,16.5,Low Nutrition Intake
60,25.1,1564.0,68.6,228.7,56.3,30.2,Balanced
54,24.8,2155.0,58.5,244.7,72.6,23.7,Balanced
50,13.9,1982.0,82.6,324.7,71.5,32.8,Balanced
25,21.5,2754.0,71.9,378.6,107.4,18.2,High Calorie Intake
61,18.5,2638.0,82.4,298.6,78.3,26.7,High Calorie Intake
61,35.9,2017.0,88.2,327.9,32.6,31.8,Balanced
22,32.8,3171.0,98.2,320.9,134.0,12.3,High Calorie Intake
56,27.4,1703.0,44.6,217.0,40.6,6.6,Low Nutrition Intake
21,25.4,900.0,47.5,180.8,44.8,13.0,Low Nutrition Intake
23,19.1,1934.0,47.8,174.4,44.0,12.3,Low Nutrition Intake
62,28.7,2174.0,61.0,259.7,58.3,18.3,Balanced
49,28.7,2664.0,62.8,260.3,53.8,26.8,Balanced
47,31.9,1819.0,89.8,341.4,53.2,32.3,Balanced
64,23.0,2820.0,96.1,489.4,100.3,8.4,High Calorie Intake
52,40.5,2397.0,81.1,280.1,60.2,19.7,Balanced
57,29.6,2452.0,82.5,202.3,74.6,27.9,Balanced
33,31.2,1372.0,64.4,168.4,38.0,17.1,Low Nutrition Intake
30,28.0,1468.0,28.4,196.4,35.0,17.4,Low Nutrition Intake
59,36.3,2189.0,79.3,218.1,61.8,30.8,Balanced
47,24.4,1948.0,77.5,222.5,48.4,24.5,Balanced
36,25.0,3009.0,103.9,357.2,104.0,9.7,High Calorie Intake
34,16.5,1597.0,49.8,242.1,53.3,15.4,Low Nutrition Intake
36,24.3,1337.0,47.5,186.1,51.4,17.3,Low Nutrition Intake
45,29.7,2073.0,57.5,313.3,73.1,23.1,Balanced
43,18.6,1580.0,45.9,236.2,16.8,12.4,Low Nutrition Intake
54,30.2,1834.0,51.8,252.0,25.3,18.3,Low Nutrition Intake
43,30.3,3294.0,45.1,365.2,102.9,7.9,High Calorie Intake
40,38.4,1384.0,55.5,176.3,42.9,15.0,Low Nutrition Intake
26,26.9,2147.0,68.1,286.4,42.8,25.1,Balanced
29,40.9,1783.0,39.6,164.5,48.7,14.7,Low Nutrition Intake
18,20.7,1629.0,45.5,106.4,54.2,22.3,Low Nutrition Intake
18,25.7,2484.0,28.5,278.0,58.5,18.5,Balanced
64,21.7,2992.0,69.6,405.4,106.1,10.4,High Calorie Intake
51,32.1,2000.0,67.7,191.3,45.8,23.7,Balanced
49,20.2,3434.0,63.4,342.1,81.4,16.2,High Calorie Intake
42,30.8,1733.0,69.0,200.0,41.7,11.8,Low Nutrition Intake
57,34.2,2822.0,82.1,364.3,101.8,15.9,High Calorie Intake
62,23.8,1308.0,44.1,119.3,46.6,23.4,Low Nutrition Intake
18,27.4,2006.0,83.2,294.1,82.9,23.4,Balanced
33,35.6,1681.0,81.7,265.1,60.2,24.2,Balanced
56,31.4,2999.0,77.8,396.0,100.6,17.9,High Calorie Intake
22,36.0,2076.0,87.0,234.9,66.0,15.3,Balanced
39,35.1,1361.0,51.8,153.8,36.2,4.4,Low Nutrition Intake
46,28.8,1122.0,31.7,193.6,44.0,13.8,Low Nutrition Intake
20,22.6,2820.0,65.9,415.8,109.3,14.3,High Calorie Intake
29,23.7,2486.0,105.3,210.2,72.3,43.5,Balanced
43,30.4,3045.0,73.8,377.2,114.8,19.8,High Calorie Intake
33,21.6,1151.0,44.7,110.6,37.5,10.4,Low Nutrition Intake
54,22.8,2238.0,54.8,239.5,78.5,20.9,Balanced
39,29.9,993.0,48.1,169.5,37.8,11.1,Low Nutrition Intake
46,32.4,3621.0,47.1,521.7,97.2,16.9,High Calorie Intake
31,40.8,2001.0,69.4,228.6,73.4,16.5,Balanced
45,33.7,3074.0,37.0,393.7,122.0,9.6,High Calorie Intake
22,21.9,1613.0,45.6,245.9,29.7,25.3,Low Nutrition Intake
64,41.4,1528.0,73.4,192.1,90.9,23.4,Balanced
47,25.9,2105.0,84.2,259.8,56.7,17.5,Balanced
63,34.3,2194.0,83.3,287.8,91.8,12.0,Balanced
22,34.7,2927.0,91.1,373.8,58.2,9.5,High Calorie Intake
29,17.9,3062.0,76.7,413.6,89.4,17.3,High Calorie Intake
33,15.1,2628.0,76.2,382.7,88.6,23.8,High Calorie Intake
43,30.2,2370.0,69.7,337.9,141.7,19.0,High Calorie Intake
43,21.5,1294.0,41.6,255.1,28.6,6.9,Low Nutrition Intake
38,35.8,1520.0,48.8,213.3,48.1,21.1,Low Nutrition Intake
56,29.6,2366.0,52.8,413.1,82.9,8.7,High Calorie Intake
53,20.8,1898.0,25.6,177.7,39.3,19.2,Low Nutrition Intake
50,28.4,2315.0,78.6,335.5,117.6,11.5,High Calorie Intake
47,24.3,3485.0,57.6,256.9,89.2,14.7,High Calorie Intake
54,22.7,2431.0,60.4,210.5,78.4,16.7,Balanced
40,29.2,2889.0,69.5,390.9,90.0,11.4,High Calorie Intake
27,32.6,2237.0,65.5,205.6,82.2,27.9,Balanced
22,15.8,2610.0,89.0,209.3,66.3,18.9,Balanced
53,22.9,1054.0,39.6,224.4,43.3,8.4,Low Nutrition Intake
51,36.7,2025.0,76.0,192.4,75.0,23.6,Balanced
48,38.0,1116.0,27.6,228.5,35.4,18.8,Low Nutrition Intake
27,33.9,2559.0,92.3,238.7,30.0,26.9,Balanced
36,21.7,3661.0,71.4,280.5,91.5,15.1,High Calorie Intake
49,18.4,2577.0,31.0,375.1,89.3,24.9,High Calorie Intake
18,26.4,1474.0,50.6,185.8,41.1,7.4,Low Nutrition Intake
22,26.1,1880.0,93.2,268.4,59.4,27.9,Balanced
62,23.1,3122.0,103.9,388.2,83.7,15.4,High Calorie Intake
21,23.3,1596.0,56.9,133.5,43.0,10.4,Low Nutrition Intake
33,31.1,1314.0,55.2,216.1,31.9,13.4,Low Nutrition Intake
41,14.6,1321.0,79.7,199.7,29.9,19.3,Low Nutrition Intake
33,36.3,2503.0,103.1,343.5,74.9,22.9,Balanced
19,28.9,1401.0,41.5,175.9,54.9,14.0,Low Nutrition Intake
45,29.6,3280.0,82.8,325.1,70.7,9.8,High Calorie Intake
49,24.7,2039.0,79.9,234.1,74.8,21.8,Balanced
44,12.7,2217.0,79.6,329.4,51.3,38.3,Balanced
37,25.0,1307.0,28.9,182.4,78.9,17.6,Low Nutrition Intake
41,30.7,2307.0,89.1,229.2,69.6,25.0,Balanced
29,35.8,2620.0,76.5,244.9,48.7,25.8,Balanced
52,17.1,3050.0,52.8,402.7,109.7,21.1,High Calorie Intake
50,38.6,3362.0,73.5,328.2,88.4,24.8,High Calorie Intake
50,39.9,2193.0,102.4,279.9,75.6,30.6,Balanced
60,32.9,2534.0,76.9,318.2,99.3,19.2,High Calorie Intake
54,32.0,2601.0,80.9,305.1,127.9,12.7,High Calorie Intake
29,28.1,2601.0,49.0,351.0,66.8,13.3,High Calorie Intake
20,25.5,1714.0,42.7,148.8,42.7,14.6,Low Nutrition Intake
18,15.6,1920.0,54.5,200.7,50.9,13.5,Low Nutrition Intake
50,26.6,1432.0,64.9,132.8,51.6,13.6,Low Nutrition Intake
57,18.5,2074.0,70.3,266.1,64.4,22.5,Balanced
27,25.6,1967.0,51.3,231.0,57.8,25.9,Balanced
60,19.3,2660.0,69.4,219.1,55.0,25.9,Balanced
61,21.3,3150.0,83.7,421.4,124.4,14.6,High Calorie Intake
46,19.3,3648.0,66.3,385.5,130.9,18.8,High Calorie Intake
30,17.2,2188.0,72.1,423.1,78.1,19.8,High Calorie Intake
29,33.3,2251.0,94.6,232.3,78.9,26.0,Balanced
48,31.8,2609.0,117.0,321.5,71.7,38.9,Balanced
63,17.2,1595.0,34.1,188.6,49.1,17.3,Low Nutrition Intake
19,29.9,1180.0,31.9,178.1,46.4,16.7,Low Nutrition Intake
52,22.1,1484.0,35.0,250.8,27.1,19.2,Low Nutrition Intake
40,22.6,2342.0,95.9,242.2,63.0,25.3,Balanced
34,19.1,2026.0,81.2,323.2,46.8,21.1,Balanced
43,24.9,2690.0,70.5,373.2,120.4,16.2,High Calorie Intake
25,26.6,1523.0,49.8,198.6,48.4,13.5,Low Nutrition Intake
46,34.8,3510.0,112.7,415.3,109.6,19.1,High Calorie Intake
43,15.7,1864.0,80.5,230.7,72.1,20.6,Balanced
27,16.1,1367.0,22.5,148.9,44.3,10.5,Low Nutrition Intake
43,21.5,2427.0,64.6,278.1,54.3,27.3,Balanced
51,26.0,1082.0,39.6,160.4,50.6,15.8,Low Nutrition Intake
58,18.5,1830.0,75.2,229.1,78.3,32.6,Balanced
24,17.8,1775.0,89.6,227.1,61.5,25.2,Balanced
21,37.7,1886.0,33.0,219.2,25.9,9.0,Low Nutrition Intake
62,39.6,1457.0,45.3,90.9,53.9,5.4,Low Nutrition Intake
28,19.4,2112.0,96.6,348.4,59.9,16.4,Balanced
46,40.2,3389.0,85.8,355.6,92.7,12.4,High Calorie Intake
53,19.0,2060.0,82.4,237.4,58.8,28.8,Balanced
42,25.6,2446.0,66.0,296.2,107.2,6.3,High Calorie Intake
38,22.9,2381.0,59.6,189.1,59.9,35.3,Balanced
53,24.4,3192.0,41.2,312.8,97.1,27.2,High Calorie Intake
27,36.8,2631.0,57.1,456.4,108.9,21.3,High Calorie Intake
54,27.9,1961.0,76.6,312.6,63.0,31.7,Balanced
26,24.6,2251.0,63.4,259.3,78.7,29.0,Balanced
41,27.8,2936.0,41.7,290.2,73.3,13.4,High Calorie Intake
52,21.4,2052.0,57.3,300.9,47.3,16.8,Balanced
52,35.8,2173.0,91.6,342.2,73.2,34.5,Balanced
53,21.1,1159.0,70.9,124.8,34.0,16.2,Low Nutrition Intake
35,28.0,2404.0,57.2,325.7,98.8,23.1,High Calorie Intake
56,25.8,2956.0,64.6,235.8,114.3,20.0,High Calorie Intake
49,31.0,1042.0,44.2,196.8,51.6,11.1,Low Nutrition Intake
41,15.1,1922.0,71.6,311.4,79.6,24.9,Balanced
40,35.7,2415.0,44.8,291.7,49.3,35.6,Balanced
49,16.7,1195.0,34.8,209.7,47.9,12.2,Low Nutrition Intake
54,31.1,3076.0,79.9,399.7,96.9,18.5,High Calorie Intake
29,37.1,1788.0,30.3,160.6,40.3,9.8,Low Nutrition Intake
30,39.9,1017.0,58.1,112.0,35.2,17.0,Low Nutrition Intake
40,31.8,2219.0,72.6,216.1,69.8,19.1,Balanced
42,26.1,3040.0,74.3,387.6,92.2,26.2,High Calorie Intake
52,20.0,1536.0,41.7,199.2,30.7,12.5,Low Nutrition Intake
58,27.3,2772.0,67.3,256.9,58.6,18.8,Balanced
47,21.9,2259.0,78.5,296.4,76.3,30.4,Balanced
34,29.2,1230.0,52.7,213.3,27.7,12.7,Low Nutrition Intake
37,20.3,1101.0,53.0,213.3,57.2,13.1,Low Nutrition Intake
42,16.7,2267.0,91.8,229.8,52.3,20.7,Balanced
39,33.7,1366.0,34.6,166.2,50.6,13.6,Low Nutrition Intake
30,19.7,3054.0,63.2,349.2,110.7,16.6,High Calorie Intake
36,39.2,3215.0,92.8,345.4,122.2,10.6,High Calorie Intake
53,19.9,3655.0,59.4,414.5,83.3,15.2,High Calorie Intake
29,14.4,1821.0,35.2,267.1,39.9,17.9,Low Nutrition Intake
58,26.5,3087.0,79.3,308.7,95.5,22.0,High Calorie Intake
36,14.2,2060.0,79.9,198.1,57.5,31.7,Balanced
29,18.5,1817.0,88.0,267.1,61.7,23.3,Balanced
26,29.1,1332.0,40.2,222.5,34.8,21.2,Low Nutrition Intake
24,14.3,1522.0,38.1,224.1,47.5,7.4,Low Nutrition Intake
45,38.1,1881.0,76.4,196.7,94.3,29.9,Balanced
31,19.0,2147.0,73.2,236.0,37.5,14.6,Balanced
48,23.1,1906.0,63.9,169.8,50.9,16.0,Low Nutrition Intake
36,38.6,2312.0,58.0,187.7,81.6,13.1,Balanced
64,21.8,1414.0,40.6,173.9,43.8,11.3,Low Nutrition Intake
33,14.5,2253.0,80.0,343.9,45.6,25.2,Balanced
22,29.0,2262.0,74.4,206.5,82.6,27.0,Balanced
52,25.5,2519.0,79.0,465.1,104.3,16.0,High Calorie Intake
29,33.8,3483.0,56.5,466.4,124.5,11.4,High Calorie Intake
42,18.2,1976.0,70.7,186.7,68.6,19.7,Balanced
38,34.9,2227.0,59.9,296.9,75.3,20.8,Balanced
53,34.0,2244.0,79.2,319.3,50.5,24.1,Balanced
40,30.9,2732.0,72.7,406.7,92.0,14.2,High Calorie Intake
33,41.0,2401.0,97.0,279.7,63.1,23.6,Balanced
56,18.8,1582.0,47.7,132.3,46.9,10.6,Low Nutrition Intake
62,28.9,1110.0,25.0,182.4,27.8,4.7,Low Nutrition Intake
59,22.3,2057.0,71.1,254.0,56.2,36.0,Balanced
56,24.4,2285.0,71.0,257.5,84.8,30.7,Balanced
31,24.2,2475.0,56.4,340.9,96.2,13.0,High Calorie Intake
48,20.0,1458.0,53.8,221.6,36.1,7.5,Low Nutrition Intake
22,29.3,1879.0,70.7,210.2,81.0,17.9,Balanced
52,30.0,3160.0,45.1,412.9,102.2,23.6,High Calorie Intake
40,15.7,2565.0,63.0,361.5,101.9,14.3,High Calorie Intake
46,17.6,2065.0,73.2,177.2,78.9,42.2,Balanced
60,36.3,2228.0,62.1,218.6,73.6,27.3,Balanced
28,37.2,2076.0,88.5,177.4,75.6,26.4,Balanced
35,39.1,2611.0,49.1,386.1,133.1,14.9,High Calorie Intake
64,28.6,1245.0,47.3,253.7,45.2,16.2,Low Nutrition Intake
29,40.8,3366.0,79.6,341.0,70.1,11.4,High Calorie Intake
26,27.8,1863.0,87.2,291.9,67.5,17.4,Balanced
27,17.6,2615.0,72.2,284.1,65.7,26.3,Balanced
61,21.7,1586.0,36.6,235.7,21.0,9.8,Low Nutrition Intake
34,29.4,2486.0,86.3,361.6,66.0,35.2,Balanced
55,29.7,1667.0,58.2,295.8,40.6,23.8,Balanced
24,14.0,1730.0,51.0,190.4,34.6,14.8,Low Nutrition Intake
63,27.0,2300.0,68.7,274.9,80.1,23.7,Balanced
30,32.4,2973.0,79.7,407.6,122.6,10.9,High Calorie Intake
57,22.3,2012.0,71.1,223.8,39.8,5.5,Balanced
59,20.1,3356.0,47.1,458.3,119.8,14.0,High Calorie Intake
26,23.0,1598.0,50.1,151.4,39.8,10.1,Low Nutrition Intake
44,19.9,2320.0,68.0,256.1,63.0,25.7,Balanced
19,22.0,1849.0,42.1,232.6,45.8,19.7,Low Nutrition Intake
22,19.7,2062.0,87.7,257.6,23.1,18.5,Balanced
46,16.1,3148.0,80.3,315.3,109.4,18.5,High Calorie Intake
54,39.8,2141.0,88.2,283.7,64.5,21.9,Balanced
55,20.0,1700.0,50.6,141.6,42.7,9.4,Low Nutrition Intake
36,29.9,1899.0,68.9,261.8,70.2,22.5,Balanced
25,30.6,2055.0,71.0,301.9,25.1,23.1,Balanced
62,22.9,2552.0,85.2,310.7,36.5,17.5,Balanced
18,27.2,3125.0,96.8,322.9,97.2,18.0,High Calorie Intake
39,26.7,2456.0,80.3,246.2,114.8,11.0,High Calorie Intake
34,31.6,2034.0,87.1,277.9,64.9,30.8,Balanced
24,24.3,1708.0,80.9,228.4,77.9,29.1,Balanced
42,27.6,1624.0,64.7,229.4,38.1,14.0,Low Nutrition Intake
62,22.6,1594.0,46.6,214.7,15.0,21.5,Low Nutrition Intake
21,27.2,2166.0,55.3,223.4,35.2,18.5,Balanced
53,14.9,2113.0,99.2,276.4,68.3,18.2,Balanced
23,30.4,1936.0,67.5,231.8,60.1,23.3,Balanced
48,26.1,2062.0,68.6,265.4,60.6,15.4,Balanced
36,19.5,1458.0,43.6,134.7,32.9,16.4,Low Nutrition Intake
61,28.1,1855.0,60.6,247.0,73.7,35.9,Balanced
56,21.3,1608.0,58.0,202.1,31.8,16.6,Low Nutrition Intake
44,25.6,1429.0,49.5,156.9,45.6,13.5,Low Nutrition Intake
27,20.6,3029.0,70.6,366.1,114.7,14.0,High Calorie Intake
43,37.0,1069.0,22.5,196.5,34.6,7.1,Low Nutrition Intake
36,19.9,2178.0,76.7,240.0,68.5,32.9,Balanced
56,20.2,1758.0,46.7,187.0,41.9,15.2,Low Nutrition Intake
20,14.9,2859.0,74.8,301.3,106.6,18.4,High Calorie Intake
62,15.6,2023.0,76.7,215.5,47.5,26.3,Balanced
30,27.1,1275.0,23.7,151.1,28.4,17.1,Low Nutrition Intake
45,18.3,2197.0,65.8,236.5,83.4,30.6,Balanced
37,39.7,2570.0,90.6,376.0,121.0,15.2,High Calorie Intake
45,15.5,3353.0,53.4,367.2,129.3,4.0,High Calorie Intake
25,30.0,1439.0,40.3,214.0,52.8,16.9,Low Nutrition Intake
58,24.6,3032.0,72.6,362.9,109.2,23.3,High Calorie Intake
56,17.0,2668.0,65.6,376.2,125.0,17.1,High Calorie Intake
18,19.1,3284.0,88.5,409.6,83.7,24.3,High Calorie Intake
20,22.1,2517.0,78.9,204.7,43.2,26.5,Balanced
30,27.2,1968.0,54.0,196.8,58.4,26.2,Balanced
45,24.6,2515.0,84.8,244.7,70.3,26.7,Balanced
42,30.2,3201.0,71.4,431.8,121.5,16.4,High Calorie Intake
50,29.7,2119.0,90.9,231.5,43.9,15.9,Balanced
55,18.0,1943.0,87.2,243.1,67.9,22.0,Balanced
23,31.1,2023.0,63.6,256.3,62.5,27.5,Balanced
61,33.9,3048.0,68.8,304.7,126.4,15.6,High Calorie Intake
62,24.4,2977.0,97.6,425.4,113.9,16.0,High Calorie Intake
49,28.0,1447.0,47.9,204.2,60.5,23.9,Low Nutrition Intake
62,22.4,3049.0,37.5,332.4,141.2,19.6,High Calorie Intake
64,33.5,2261.0,75.7,212.4,88.5,20.1,Balanced
38,26.8,3198.0,51.2,369.2,124.9,14.8,High Calorie Intake
33,26.2,2054.0,78.1,206.6,43.7,29.3,Balanced
38,36.2,2040.0,87.9,304.7,81.8,15.3,Balanced
28,23.0,2713.0,80.6,407.7,150.0,11.5,High Calorie Intake
54,17.2,1730.0,49.5,132.6,33.4,15.1,Low Nutrition Intake
53,33.4,2371.0,38.8,291.9,110.2,13.6,High Calorie Intake
52,33.9,1989.0,69.8,203.0,58.6,14.1,Balanced
36,17.4,2459.0,101.7,167.0,58.4,22.6,Balanced
37,20.8,2105.0,92.0,241.4,63.8,42.9,Balanced
35,15.2,2121.0,102.7,280.1,57.2,20.7,Balanced
64,19.2,2148.0,62.2,225.4,59.1,26.8,Balanced
58,27.4,1888.0,39.2,206.2,20.5,18.2,Low Nutrition Intake
31,23.8,1037.0,54.6,187.2,38.6,12.8,Low Nutrition Intake
32,18.6,1138.0,30.0,219.3,40.1,12.8,Low Nutrition Intake
48,29.6,3101.0,73.6,340.4,154.2,19.7,High Calorie Intake
18,18.1,2993.0,63.8,427.6,89.2,11.6,High Calorie Intake
20,27.9,2590.0,78.4,229.5,65.1,30.1,Balanced
33,27.1,3161.0,87.6,317.5,124.0,15.1,High Calorie Intake
40,29.9,2173.0,94.9,288.1,69.9,13.1,Balanced
28,37.6,2138.0,67.0,288.4,78.9,23.2,Balanced
29,13.3,2723.0,96.9,349.8,81.1,11.8,High Calorie Intake
27,42.6,2761.0,58.2,422.3,61.0,11.6,High Calorie Intake
49,26.2,2138.0,80.9,327.7,86.6,15.4,Balanced
33,34.1,2301.0,72.4,346.3,81.2,16.1,High Calorie Intake
25,30.5,1505.0,34.9,168.2,30.9,12.4,Low Nutrition Intake
55,24.0,3134.0,54.8,348.0,97.0,16.0,High Calorie Intake
29,24.6,1516.0,69.5,210.0,47.2,12.9,Low Nutrition Intake
41,18.8,1895.0,70.6,231.6,70.5,15.1,Balanced
45,22.3,2304.0,76.4,289.3,54.9,19.6,Balanced
25,18.0,2044.0,72.0,292.3,76.2,36.4,Balanced
45,25.2,1331.0,15.0,175.7,42.8,16.9,Low Nutrition Intake
53,34.0,3053.0,64.1,465.7,84.3,14.6,High Calorie Intake
43,24.1,1191.0,45.2,245.6,38.3,13.5,Low Nutrition Intake
25,15.2,1709.0,74.0,306.0,61.5,23.1,Balanced
45,39.6,1715.0,41.2,235.2,24.6,16.7,Low Nutrition Intake
45,36.6,2578.0,92.1,185.3,56.1,23.5,Balanced
54,38.4,2413.0,59.4,219.2,42.5,20.0,Balanced
58,42.3,1825.0,100.4,234.1,74.7,25.1,Balanced
53,24.7,1451.0,37.9,217.0,41.9,14.4,Low Nutrition Intake
44,41.6,1308.0,39.8,210.6,42.8,14.5,Low Nutrition Intake
34,16.9,1954.0,105.2,240.8,64.6,23.9,Balanced
26,21.0,3615.0,67.3,360.9,107.4,12.5,High Calorie Intake
50,24.6,2988.0,109.9,395.0,110.3,12.4,High Calorie Intake
37,19.0,1860.0,68.3,219.8,47.8,13.1,Low Nutrition Intake
30,20.8,2252.0,66.3,215.0,44.2,27.5,Balanced
45,23.2,1119.0,39.0,187.9,51.9,11.7,Low Nutrition Intake
46,32.0,1717.0,56.3,152.5,53.5,12.9,Low Nutrition Intake
30,24.0,2020.0,74.1,259.9,59.2,20.0,Balanced
63,18.2,1955.0,79.9,253.6,72.4,25.3,Balanced
52,40.7,1468.0,52.1,239.7,57.5,19.4,Low Nutrition Intake
23,27.1,1659.0,70.0,205.3,43.9,23.0,Low Nutrition Intake
35,19.3,900.0,42.4,233.8,51.8,24.3,Low Nutrition Intake
22,28.2,2987.0,65.1,363.4,111.4,24.1,High Calorie Intake
64,18.1,3506.0,71.1,392.7,92.8,13.5,High Calorie Intake
42,19.1,1701.0,64.2,165.6,42.9,13.0,Low Nutrition Intake
19,39.5,1657.0,40.3,122.6,52.0,12.8,Low Nutrition Intake
27,24.9,2882.0,79.0,397.6,114.1,7.9,High Calorie Intake
47,24.1,3139.0,41.5,418.5,127.4,9.2,High Calorie Intake
62,35.5,2235.0,92.8,242.0,74.4,8.3,Balanced
22,25.9,1714.0,45.4,181.0,51.8,20.9,Low Nutrition Intake
50,14.1,1567.0,64.3,135.6,48.0,13.5,Low Nutrition Intake
18,20.0,1945.0,51.0,284.5,77.3,33.1,Balanced
35,17.9,2456.0,67.2,311.6,84.5,23.4,Balanced
49,25.2,1457.0,33.8,241.8,21.9,16.1,Low Nutrition Intake
64,27.7,1995.0,62.5,185.0,62.0,17.4,Balanced
28,15.9,1464.0,66.2,197.0,64.0,10.1,Low Nutrition Intake
38,36.8,2514.0,55.6,376.7,159.5,7.7,High Calorie Intake
43,24.6,2311.0,68.2,251.0,47.4,30.3,Balanced
42,25.2,1439.0,58.0,196.1,16.8,18.4,Low Nutrition Intake
39,24.5,1627.0,51.8,223.3,52.3,33.4,Balanced
44,30.4,2105.0,95.5,237.3,69.4,27.8,Balanced
30,16.5,3187.0,64.6,361.1,99.0,7.7,High Calorie Intake
50,25.0,2128.0,72.6,283.2,66.3,33.0,Balanced
51,29.0,1467.0,38.3,192.0,48.7,6.9,Low Nutrition Intake
58,21.3,2707.0,60.9,400.5,115.5,16.5,High Calorie Intake
52,30.9,900.0,25.2,181.6,34.0,14.0,Low Nutrition Intake
18,30.0,2790.0,96.5,265.3,111.1,20.1,High Calorie Intake
38,20.9,2332.0,89.0,297.2,56.5,18.4,Balanced
23,17.8,1621.0,72.9,228.9,81.3,23.3,Balanced
45,23.6,1203.0,30.7,259.6,39.7,10.9,Low Nutrition Intake
34,19.5,2182.0,104.6,244.4,74.6,32.1,Balanced
22,18.9,2307.0,61.8,433.1,91.0,18.1,High Calorie Intake
48,34.9,2692.0,64.9,351.6,117.7,17.0,High Calorie Intake
22,34.4,1474.0,75.1,250.9,16.2,12.2,Low Nutrition Intake
55,32.1,2032.0,38.1,263.1,34.9,13.1,Low Nutrition Intake
20,26.8,3244.0,70.6,404.7,136.5,19.8,High Calorie Intake
40,24.6,2998.0,98.8,423.8,90.3,25.9,High Calorie Intake
54,32.5,1604.0,42.4,119.3,23.5,20.8,Low Nutrition Intake
54,20.6,2602.0,79.2,189.2,49.8,15.3,Balanced
27,36.5,1718.0,106.4,342.4,49.3,24.9,Balanced
27,32.8,2513.0,71.8,462.0,126.6,20.0,High Calorie Intake
36,27.8,1403.0,60.1,212.6,44.8,13.5,Low Nutrition Intake
34,28.9,1526.0,48.5,171.0,30.7,10.0,Low Nutrition Intake
38,32.9,2633.0,69.0,362.4,92.6,12.5,High Calorie Intake
31,25.5,1520.0,61.5,189.6,39.1,10.3,Low Nutrition Intake
26,22.2,2092.0,94.7,301.5,78.6,30.6,Balanced
63,26.9,2264.0,83.6,269.8,59.2,25.5,Balanced
18,19.1,2206.0,86.9,264.0,94.5,17.7,Balanced
62,35.1,2346.0,77.4,260.1,53.6,31.1,Balanced
30,44.1,2320.0,89.7,266.8,60.5,24.6,Balanced
21,16.3,1554.0,20.9,220.6,69.1,15.9,Low Nutrition Intake
18,37.2,2077.0,75.7,288.3,61.4,30.2,Balanced
57,37.5,2891.0,99.4,464.3,98.4,15.6,High Calorie Intake
49,40.2,2942.0,71.9,332.6,83.3,22.2,High Calorie Intake
51,38.1,1712.0,57.9,187.6,62.7,13.9,Low Nutrition Intake
45,32.7,1657.0,28.3,182.0,38.1,13.7,Low Nutrition Intake
48,35.5,1132.0,53.4,226.0,31.1,9.4,Low Nutrition Intake
25,38.8,1950.0,84.9,236.1,63.1,18.6,Balanced
56,16.5,2665.0,79.0,306.0,71.9,24.7,Balanced
43,29.0,2126.0,67.8,242.0,50.9,18.3,Balanced
51,29.9,1951.0,48.3,241.3,30.5,9.0,Low Nutrition Intake
20,17.4,1215.0,39.9,191.3,38.2,10.9,Low Nutrition Intake
29,26.9,2173.0,80.5,288.1,85.6,22.8,Balanced
18,29.0,2466.0,78.9,198.9,90.0,38.6,Balanced
61,20.6,1599.0,46.1,180.5,34.4,18.8,Low Nutrition Intake
22,29.6,2146.0,101.4,261.4,59.2,21.4,Balanced
47,29.2,1272.0,51.2,144.7,30.2,19.3,Low Nutrition Intake
47,20.8,2625.0,85.8,276.8,134.0,9.6,High Calorie Intake
34,14.7,2652.0,82.9,393.5,122.9,9.6,High Calorie Intake
64,15.3,1381.0,37.6,151.1,47.2,17.8,Low Nutrition Intake
40,20.7,1369.0,63.3,162.5,58.0,16.2,Low Nutrition Intake
32,35.4,1832.0,105.7,242.2,81.9,25.9,Balanced
54,25.3,1540.0,55.8,219.6,35.9,16.1,Low Nutrition Intake
38,27.9,2269.0,81.0,251.9,68.0,36.8,Balanced
31,16.4,2850.0,91.3,349.0,87.4,32.4,High Calorie Intake
19,26.1,2290.0,85.9,283.8,84.7,27.4,Balanced
28,30.4,3228.0,55.1,429.2,100.3,19.4,High Calorie Intake
56,35.5,1704.0,86.8,170.3,61.1,14.8,Balanced
55,17.3,1602.0,45.8,163.0,57.2,10.4,Low Nutrition Intake
51,29.9,1919.0,80.2,291.7,87.7,13.4,High Calorie Intake
55,16.6,1780.0,71.1,203.8,67.3,17.6,Balanced
51,22.7,2158.0,94.3,291.3,63.9,19.1,Balanced
35,31.5,1488.0,36.7,197.0,19.4,17.2,Low Nutrition Intake
47,16.7,1458.0,71.5,235.7,46.8,13.5,Low Nutrition Intake
32,18.9,2702.0,87.1,368.5,128.4,18.0,High Calorie Intake
44,19.7,1548.0,52.1,157.8,27.7,9.8,Low Nutrition Intake
51,39.4,3306.0,56.9,338.9,115.8,14.7,High Calorie Intake
55,38.0,2821.0,64.5,263.7,85.7,21.9,High Calorie Intake
50,19.6,2767.0,41.6,329.6,112.2,17.7,High Calorie Intake
41,25.2,2073.0,68.4,203.9,70.2,30.0,Balanced
32,19.2,2485.0,62.5,314.6,64.2,25.2,Balanced
47,23.3,3254.0,63.3,271.8,119.1,17.7,High Calorie Intake
59,26.8,1364.0,52.5,218.9,21.9,14.1,Low Nutrition Intake
34,34.3,1558.0,76.3,245.1,71.9,18.6,Balanced
22,33.3,2040.0,33.0,282.3,63.8,25.5,Balanced
46,33.8,1762.0,83.6,326.1,62.4,28.9,Balanced
21,20.5,1924.0,76.9,198.7,76.0,26.0,Balanced
27,38.3,1833.0,66.8,262.4,77.9,33.9,Balanced
34,17.9,2115.0,58.9,269.5,90.0,15.3,Balanced
27,24.0,2625.0,81.8,387.7,94.1,17.1,High Calorie Intake
34,20.9,1685.0,43.8,183.5,47.1,12.9,Low Nutrition Intake
37,36.8,3338.0,104.4,335.4,80.0,17.9,High Calorie Intake
41,22.6,1816.0,59.8,178.0,59.6,24.8,Balanced
22,21.9,2774.0,94.2,445.8,143.6,16.2,High Calorie Intake
51,37.0,2458.0,82.3,268.3,58.5,11.4,Balanced
23,21.7,3167.0,90.5,303.7,104.8,21.0,High Calorie Intake
19,21.4,1364.0,59.3,185.1,33.7,19.0,Low Nutrition Intake
30,19.7,2633.0,60.4,335.2,82.1,16.8,High Calorie Intake
60,18.0,1327.0,50.9,129.3,26.5,14.2,Low Nutrition Intake
60,17.1,3450.0,78.1,350.5,75.2,12.8,High Calorie Intake
28,19.7,2936.0,34.3,319.3,90.2,14.7,High Calorie Intake
64,32.0,1437.0,37.7,207.7,41.5,12.5,Low Nutrition Intake
40,21.3,1605.0,51.7,139.1,39.6,17.6,Low Nutrition Intake
33,29.2,3310.0,77.9,368.3,113.4,20.0,High Calorie Intake
48,27.7,1478.0,47.7,181.3,24.0,13.3,Low Nutrition Intake
28,19.8,2720.0,61.2,451.7,124.0,7.5,High Calorie Intake
33,23.6,1190.0,40.6,167.6,43.8,9.0,Low Nutrition Intake
25,30.3,1680.0,44.5,178.1,39.8,12.3,Low Nutrition Intake
21,25.8,2260.0,72.2,364.0,85.9,21.5,High Calorie Intake
57,25.9,2324.0,112.1,293.4,56.0,19.6,Balanced
21,19.8,2782.0,61.3,385.4,74.2,19.2,High Calorie Intake
42,36.1,2174.0,85.5,214.2,68.5,32.8,Balanced
20,29.7,1926.0,65.6,288.5,51.4,23.6,Balanced
49,28.9,2534.0,65.8,321.8,60.3,18.3,Balanced
20,21.1,2307.0,79.5,260.5,54.2,25.6,Balanced
44,27.8,1612.0,81.1,311.9,40.3,22.6,Balanced
46,28.0,1923.0,56.8,177.9,48.5,23.5,Balanced
49,31.9,2449.0,56.7,271.8,68.1,35.0,Balanced
36,20.8,1587.0,52.5,214.5,28.9,11.7,Low Nutrition Intake
38,32.7,3330.0,39.2,345.9,78.4,17.2,High Calorie Intake
22,17.8,1349.0,52.5,186.2,21.4,8.0,Low Nutrition Intake
35,24.2,2148.0,67.2,238.7,78.1,29.6,Balanced
45,27.0,1881.0,41.2,167.6,45.0,11.8,Low Nutrition Intake
59,18.6,2013.0,75.2,326.1,74.9,29.9,Balanced
39,14.7,3497.0,86.4,323.4,122.7,21.1,High Calorie Intake
38,20.4,1606.0,42.7,209.1,39.8,10.1,Low Nutrition Intake
23,29.8,1275.0,53.4,158.3,30.3,17.0,Low Nutrition Intake
18,21.6,1482.0,51.9,147.0,46.6,11.4,Low Nutrition Intake
22,24.2,1886.0,70.9,314.5,59.9,38.2,Balanced
58,30.8,2249.0,47.3,446.2,136.5,11.7,High Calorie Intake
29,29.2,1467.0,53.5,182.0,41.8,14.0,Low Nutrition Intake
43,26.3,2446.0,66.5,380.6,107.1,7.3,High Calorie Intake
63,29.9,2346.0,79.8,217.8,90.2,22.9,Balanced
51,33.1,2077.0,87.0,335.4,74.5,30.0,Balanced
31,34.7,2609.0,73.4,353.4,119.1,20.0,High Calorie Intake
43,19.9,2575.0,47.8,234.8,83.2,16.6,Balanced
62,41.8,2359.0,93.9,258.9,45.1,24.3,Balanced
44,33.9,1800.0,63.5,197.3,28.3,21.0,Low Nutrition Intake
26,25.7,1647.0,34.1,202.0,43.6,11.5,Low Nutrition Intake
43,19.8,1534.0,58.3,179.6,54.5,7.0,Low Nutrition Intake
64,16.0,1982.0,45.7,227.6,42.6,10.7,Low Nutrition Intake
39,14.8,2141.0,51.3,287.5,67.7,23.9,Balanced
64,32.5,2346.0,78.5,284.3,78.5,21.7,Balanced
47,17.0,1933.0,53.9,264.9,71.3,17.1,Balanced
60,24.1,1791.0,35.1,116.4,57.9,6.1,Low Nutrition Intake
34,27.2,1681.0,53.7,201.2,33.7,16.0,Low Nutrition Intake
43,20.3,2423.0,64.2,299.1,78.0,26.8,Balanced
53,33.5,2767.0,87.0,405.4,84.7,14.2,High Calorie Intake
18,23.3,1647.0,46.4,228.0,35.9,10.0,Low Nutrition Intake
25,20.7,3696.0,45.1,355.0,110.6,20.9,High Calorie Intake
52,20.4,2318.0,110.4,255.3,52.8,23.7,Balanced
32,24.1,2067.0,77.0,220.7,76.0,27.2,Balanced
64,19.4,1821.0,91.6,227.5,48.4,25.5,Balanced
39,27.0,1028.0,52.1,90.6,27.6,20.3,Low Nutrition Intake
31,36.3,1285.0,38.9,234.6,30.5,17.1,Low Nutrition Intake
43,25.2,2455.0,84.7,202.2,56.5,41.3,Balanced
45,23.5,2022.0,119.8,328.4,72.3,26.8,Balanced
40,38.6,2792.0,70.6,345.6,103.7,9.2,High Calorie Intake
31,30.3,1782.0,96.2,195.5,77.4,13.6,Balanced
41,19.6,1601.0,42.5,236.2,36.0,6.0,Low Nutrition Intake
19,24.8,2886.0,74.6,373.4,116.5,13.2,High Calorie Intake
62,26.6,1147.0,33.0,171.9,33.7,23.6,Low Nutrition Intake
43,36.6,2476.0,87.6,277.8,69.2,26.8,Balanced
31,35.8,2192.0,78.6,176.3,59.8,23.6,Balanced
24,23.6,2695.0,63.1,395.0,120.4,17.5,High Calorie Intake
20,21.3,3202.0,84.2,365.0,115.5,7.3,High Calorie Intake
64,42.6,2050.0,71.0,321.3,69.7,17.0,Balanced
40,32.2,2305.0,90.7,256.4,74.7,10.0,Balanced
63,28.9,2032.0,53.1,387.5,135.6,10.4,High Calorie Intake
60,27.1,1245.0,46.1,172.8,33.4,12.3,Low Nutrition Intake
64,22.5,1766.0,58.4,190.8,59.9,16.0,Low Nutrition Intake
62,30.6,1727.0,34.7,167.1,32.0,13.7,Low Nutrition Intake
35,27.7,1464.0,48.9,259.1,48.7,11.9,Low Nutrition Intake
55,17.0,2149.0,99.1,291.3,85.9,22.1,Balanced
52,27.8,1965.0,68.2,243.9,50.1,26.8,Balanced
32,36.3,2231.0,96.7,189.6,51.8,29.8,Balanced
42,16.0,1494.0,45.5,234.2,27.9,11.1,Low Nutrition Intake
54,32.5,2662.0,39.8,386.6,94.5,12.3,High Calorie Intake
45,32.1,1913.0,77.8,228.1,68.1,27.8,Balanced
27,37.6,2073.0,72.9,267.4,64.6,33.0,Balanced
56,17.1,2233.0,93.3,284.4,46.5,21.7,Balanced
34,18.2,2137.0,90.2,337.1,58.2,25.3,Balanced
56,25.2,1642.0,44.3,247.5,23.8,16.7,Low Nutrition Intake
39,19.2,1610.0,58.8,192.2,50.7,13.0,Low Nutrition Intake
43,38.8,2678.0,56.8,307.9,96.2,17.6,High Calorie Intake
61,32.6,2879.0,75.2,441.7,94.7,27.7,High Calorie Intake
42,17.9,2346.0,75.2,251.2,50.9,24.8,Balanced
34,33.4,931.0,60.1,91.4,40.5,9.4,Low Nutrition Intake
30,29.4,1968.0,70.0,337.0,49.6,30.5,Balanced
37,20.6,3345.0,34.6,349.2,134.7,9.4,High Calorie Intake
42,41.8,3357.0,71.7,376.9,106.4,17.7,High Calorie Intake
21,32.2,1221.0,41.9,203.0,42.1,15.4,Low Nutrition Intake
27,34.5,1278.0,52.6,194.4,21.0,11.9,Low Nutrition Intake
20,38.8,2646.0,57.5,356.2,117.3,12.9,High Calorie Intake
58,28.5,2209.0,78.9,228.8,60.2,30.2,Balanced
62,28.1,1486.0,51.6,234.5,45.2,6.3,Low Nutrition Intake
35,26.1,1515.0,37.6,253.4,44.8,11.6,Low Nutrition Intake
64,25.0,2297.0,79.3,191.3,77.1,22.6,Balanced
53,33.7,3433.0,70.0,452.0,113.5,20.9,High Calorie Intake
64,25.8,2783.0,77.6,293.7,102.5,8.6,High Calorie Intake
39,31.6,1853.0,65.5,286.4,62.9,25.2,Balanced
51,20.1,2105.0,93.1,260.2,68.5,21.6,Balanced
64,19.5,1726.0,59.7,188.7,33.0,7.5,Low Nutrition Intake
25,27.5,1924.0,47.7,223.6,70.0,24.7,Balanced
57,36.1,2754.0,72.8,242.0,79.9,13.4,Balanced
61,39.6,1765.0,87.3,252.2,62.6,19.4,Balanced
36,32.8,2212.0,66.7,262.9,48.8,23.9,Balanced
59,27.5,1936.0,39.9,185.4,37.6,14.7,Low Nutrition Intake
58,27.6,1562.0,48.1,199.8,37.8,14.4,Low Nutrition Intake
54,37.4,2094.0,52.6,365.2,75.2,19.1,Balanced
23,27.2,1505.0,28.8,172.7,22.2,13.8,Low Nutrition Intake
43,23.9,1070.0,49.7,213.9,30.1,14.6,Low Nutrition Intake
51,16.6,2651.0,80.2,345.6,120.8,6.9,High Calorie Intake
62,26.7,1889.0,62.5,268.1,72.8,26.7,Balanced
23,25.1,2018.0,38.9,261.5,76.0,41.1,Balanced
54,20.7,2806.0,61.4,396.0,99.9,22.4,High Calorie Intake
50,17.6,2675.0,68.0,423.8,111.2,21.8,High Calorie Intake
39,30.3,2036.0,95.7,193.4,42.3,32.7,Balanced
38,16.3,2952.0,86.7,385.0,104.9,9.4,High Calorie Intake
23,34.0,2143.0,97.1,262.3,74.5,28.9,Balanced
23,30.6,1887.0,90.0,247.5,61.4,37.6,Balanced
21,31.0,2305.0,69.1,262.6,65.5,35.1,Balanced
47,17.1,2160.0,108.9,208.1,64.5,20.4,Balanced
28,30.8,2021.0,71.4,231.5,89.2,33.5,Balanced
47,30.5,2255.0,71.4,232.7,75.4,26.8,Balanced
48,25.0,1415.0,51.5,221.2,38.2,10.9,Low Nutrition Intake
41,29.8,1807.0,81.5,346.7,49.5,31.6,Balanced
26,15.6,1288.0,39.3,222.0,36.9,15.0,Low Nutrition Intake
20,24.7,2210.0,68.6,295.8,64.1,16.7,Balanced
48,37.8,1918.0,34.4,262.1,83.3,18.7,Balanced
57,33.2,3149.0,78.9,342.4,135.7,14.6,High Calorie Intake
54,22.9,3633.0,45.8,366.5,102.0,15.8,High Calorie Intake
53,28.9,3194.0,126.4,402.8,105.5,10.5,High Calorie Intake
41,26.9,1659.0,94.4,238.1,101.5,30.2,Balanced
48,21.9,3066.0,78.3,400.2,91.1,7.2,High Calorie Intake
23,23.0,2007.0,77.7,234.1,47.0,20.5,Balanced
19,41.2,1699.0,54.0,196.0,47.0,9.5,Low Nutrition Intake
37,17.1,1259.0,48.7,154.8,41.3,8.9,Low Nutrition Intake
45,27.2,1054.0,53.8,225.9,32.4,7.9,Low Nutrition Intake
28,26.7,1576.0,103.8,264.5,56.5,22.8,Balanced
21,43.0,1653.0,86.7,340.0,54.0,39.3,Balanced
32,24.1,2910.0,98.7,395.4,111.1,25.2,High Calorie Intake
23,28.8,1638.0,49.5,122.1,21.9,15.8,Low Nutrition Intake
47,22.3,1802.0,46.5,169.3,17.9,10.9,Low Nutrition Intake
55,31.5,2995.0,58.3,331.8,104.0,23.2,High Calorie Intake
19,29.5,1614.0,48.4,196.6,46.6,13.6,Low Nutrition Intake
32,29.0,2043.0,88.3,251.0,48.4,33.7,Balanced
28,31.9,1664.0,99.3,280.3,51.4,25.1,Balanced
25,18.5,2038.0,89.3,291.5,71.5,29.5,Balanced
43,34.7,1422.0,66.1,232.8,34.3,17.2,Low Nutrition Intake
62,20.3,1624.0,41.9,178.2,54.6,13.9,Low Nutrition Intake
61,25.0,1512.0,61.8,278.7,33.7,13.1,Low Nutrition Intake
22,19.1,2169.0,79.4,275.1,58.1,17.4,Balanced
23,24.6,2606.0,86.6,243.3,71.1,36.0,Balanced
43,29.1,1261.0,47.5,141.4,38.6,16.5,Low Nutrition Intake
21,35.0,1860.0,75.4,292.0,73.2,18.1,Balanced
36,18.3,3077.0,80.9,385.4,126.8,13.1,High Calorie Intake
37,34.0,1549.0,31.0,134.0,49.4,14.1,Low Nutrition Intake
50,21.2,2030.0,63.1,293.1,43.9,31.0,Balanced
37,16.0,2267.0,57.6,265.0,102.2,32.1,Balanced
29,33.7,1251.0,53.6,140.4,23.5,13.7,Low Nutrition Intake
64,24.8,2293.0,89.4,293.0,71.9,15.3,Balanced
18,29.6,2134.0,91.6,277.7,67.5,27.0,Balanced
43,28.3,3056.0,40.6,437.7,102.8,19.5,High Calorie Intake
31,19.8,2166.0,98.6,322.2,155.8,26.6,High Calorie Intake
55,15.7,1806.0,89.4,219.3,56.0,21.3,Balanced
54,23.0,3102.0,77.2,319.9,113.8,15.0,High Calorie Intake
28,44.2,1677.0,71.9,326.4,59.4,14.0,Balanced
53,23.4,2362.0,65.0,268.6,62.6,35.6,Balanced
30,25.8,2105.0,62.0,241.2,47.8,23.7,Balanced
60,31.7,1875.0,60.0,261.4,45.8,14.6,Low Nutrition Intake
20,15.9,2611.0,76.3,373.5,120.6,10.4,High Calorie Intake
50,23.1,2164.0,56.0,273.5,74.5,15.3,Balanced
23,30.0,1802.0,59.9,252.9,45.4,33.3,Balanced
27,15.8,3098.0,81.6,300.5,130.9,19.2,High Calorie Intake
22,18.5,1286.0,26.5,187.3,34.4,12.3,Low Nutrition Intake
40,19.8,1967.0,88.1,156.0,85.0,31.0,Balanced
27,29.5,1501.0,43.3,227.9,39.5,12.9,Low Nutrition Intake
61,38.8,3337.0,105.5,331.4,113.5,10.6,High Calorie Intake
19,14.0,3121.0,59.5,440.6,103.0,16.2,High Calorie Intake
30,30.1,2574.0,67.7,287.4,56.1,32.2,Balanced
57,20.5,2615.0,74.3,172.2,55.4,39.6,Balanced
19,36.9,1996.0,102.8,235.7,56.2,29.7,Balanced
37,18.4,3174.0,85.6,380.2,125.7,20.8,High Calorie Intake
18,22.7,2449.0,69.3,301.3,57.7,24.1,Balanced
54,25.3,2104.0,64.0,190.6,82.1,20.8,Balanced
26,34.3,2858.0,60.3,367.2,94.9,22.4,High Calorie Intake
34,29.3,1308.0,65.6,229.9,34.3,15.3,Low Nutrition Intake
26,26.4,1575.0,55.1,222.9,42.2,10.2,Low Nutrition Intake
28,20.0,2317.0,74.7,148.4,70.5,20.6,Balanced
32,19.7,2794.0,72.1,302.3,107.8,14.4,High Calorie Intake
41,22.0,1922.0,78.6,192.4,66.1,27.8,Balanced
55,22.2,1523.0,54.5,230.8,39.0,18.4,Low Nutrition Intake
52,18.0,2128.0,68.2,244.3,68.7,31.5,Balanced
47,18.4,2150.0,68.6,317.8,44.9,21.0,Balanced
48,24.2,1664.0,66.2,206.8,43.0,12.8,Low Nutrition Intake
22,40.2,2292.0,79.8,229.8,60.7,19.8,Balanced
61,25.0,2955.0,74.6,461.7,93.1,15.1,High Calorie Intake
31,17.5,2477.0,103.3,279.0,61.5,22.2,Balanced
28,14.7,1671.0,65.0,264.1,62.5,28.7,Balanced
26,31.8,2099.0,67.8,273.7,100.1,23.1,Balanced
51,19.2,1483.0,55.2,170.0,55.3,7.7,Low Nutrition Intake
29,16.3,2811.0,67.0,387.6,65.6,22.8,High Calorie Intake
52,32.8,2258.0,93.7,324.5,54.6,10.0,Balanced
52,27.9,2448.0,74.0,214.7,73.1,39.8,Balanced
18,23.4,2122.0,91.3,220.5,41.4,30.5,Balanced
57,17.4,2292.0,71.5,328.2,40.3,17.6,Balanced
39,19.9,2009.0,73.0,318.6,65.7,23.8,Balanced
46,42.0,1145.0,58.0,150.2,24.7,12.4,Low Nutrition Intake
25,24.9,3005.0,60.5,415.4,99.3,21.3,High Calorie Intake
28,26.7,3122.0,100.7,357.9,121.9,7.1,High Calorie Intake
58,26.2,2902.0,89.1,248.1,61.4,23.5,Balanced
54,32.5,3576.0,86.4,357.8,80.2,22.0,High Calorie Intake
31,22.0,1651.0,53.5,187.1,36.4,20.7,Low Nutrition Intake
47,18.2,2612.0,87.0,298.8,68.3,16.8,Balanced
52,25.1,1895.0,94.0,310.9,79.8,27.1,Balanced
38,32.9,2434.0,77.2,284.9,62.1,18.7,Balanced
54,33.8,2375.0,95.9,359.0,68.7,18.7,Balanced
22,17.7,2065.0,76.1,265.9,71.6,27.2,Balanced
36,20.7,1636.0,47.4,112.1,42.7,14.3,Low Nutrition Intake
31,34.1,2293.0,72.9,268.9,72.8,24.0,Balanced
43,28.3,1612.0,45.8,195.5,15.0,9.4,Low Nutrition Intake
21,28.6,2562.0,75.5,443.6,102.6,20.2,High Calorie Intake
42,18.6,1606.0,46.7,210.1,43.0,13.4,Low Nutrition Intake
62,24.6,1544.0,62.4,206.5,42.6,10.5,Low Nutrition Intake
59,35.6,2518.0,58.3,191.8,70.2,19.7,Balanced
42,30.2,2433.0,54.4,298.5,76.5,25.7,Balanced
35,30.7,2236.0,44.4,392.0,100.3,19.6,High Calorie Intake
57,18.0,2132.0,75.8,162.9,76.5,21.1,Balanced
25,24.9,2046.0,63.0,198.4,85.6,29.8,Balanced
56,16.7,3226.0,68.5,293.1,147.0,18.1,High Calorie Intake
57,30.4,2186.0,73.0,178.2,81.0,18.7,Balanced
31,37.2,1581.0,54.3,201.7,45.6,19.4,Low Nutrition Intake
49,20.8,1944.0,80.3,251.0,39.2,26.7,Balanced
55,38.1,3375.0,94.0,472.9,69.5,24.1,High Calorie Intake
50,19.0,2198.0,100.4,244.2,57.6,17.7,Balanced
40,26.5,1636.0,51.2,150.9,15.0,15.7,Low Nutrition Intake
32,34.0,1577.0,33.2,148.4,47.9,21.4,Low Nutrition Intake
50,20.6,1331.0,34.4,200.5,47.6,12.5,Low Nutrition Intake
42,16.9,2677.0,90.6,244.7,42.7,32.9,Balanced
34,21.6,2460.0,73.8,274.0,62.9,28.1,Balanced
50,17.1,1204.0,31.0,218.4,51.3,12.0,Low Nutrition Intake
64,39.8,2695.0,90.4,344.2,106.1,15.6,High Calorie Intake
19,30.7,2451.0,75.1,384.7,112.2,16.8,High Calorie Intake
31,31.0,2705.0,94.3,261.6,66.8,35.6,Balanced
57,18.7,3243.0,52.3,427.4,129.9,24.1,High Calorie Intake
57,28.4,1354.0,39.3,157.0,43.7,16.9,Low Nutrition Intake
56,24.9,2017.0,76.0,177.9,86.1,15.6,Balanced
23,16.8,2247.0,81.3,261.8,66.0,18.9,Balanced
23,30.2,2838.0,87.5,443.3,96.6,8.2,High Calorie Intake
20,33.6,2685.0,101.6,344.0,103.1,23.1,High Calorie Intake
24,31.6,1324.0,43.0,217.8,60.5,11.4,Low Nutrition Intake
25,17.4,3423.0,67.5,335.7,110.0,10.2,High Calorie Intake
59,24.4,1563.0,82.8,228.7,38.7,18.2,Low Nutrition Intake
32,18.6,2633.0,59.8,376.1,106.8,9.5,High Calorie Intake
64,20.2,2846.0,69.7,457.1,79.1,9.1,High Calorie Intake
46,30.5,1492.0,58.8,209.3,43.6,12.8,Low Nutrition Intake
50,26.0,3180.0,85.2,367.1,86.0,11.3,High Calorie Intake
47,15.2,1661.0,26.5,248.7,34.5,15.2,Low Nutrition Intake
56,21.8,2332.0,68.4,241.6,66.8,19.9,Balanced
44,20.9,1872.0,64.3,308.4,70.6,20.2,Balanced
53,19.4,2377.0,67.7,182.0,74.8,34.9,Balanced
46,26.6,3140.0,41.8,378.8,99.5,17.9,High Calorie Intake
55,16.0,1930.0,73.3,203.2,68.1,16.7,Balanced
50,26.9,2264.0,67.5,134.3,76.1,28.0,Balanced
54,26.9,3410.0,38.6,347.3,107.6,18.9,High Calorie Intake
44,34.4,2453.0,78.9,351.4,67.9,12.2,High Calorie Intake
50,28.4,1573.0,23.2,212.3,43.4,13.0,Low Nutrition Intake
21,17.4,2394.0,47.1,360.1,82.5,14.3,High Calorie Intake
39,33.1,1667.0,41.7,179.5,36.4,18.1,Low Nutrition Intake
19,40.9,3390.0,78.8,386.8,109.6,23.1,High Calorie Intake
27,31.1,1564.0,63.3,175.3,24.0,11.3,Low Nutrition Intake
22,31.7,1315.0,64.3,215.8,32.4,17.2,Low Nutrition Intake
27,34.0,2116.0,100.9,246.7,43.5,23.9,Balanced
50,25.6,2063.0,59.2,283.4,84.9,18.3,Balanced
55,18.2,2403.0,69.5,259.0,63.2,24.9,Balanced
30,24.7,1564.0,32.7,235.3,46.0,17.3,Low Nutrition Intake
48,34.6,1947.0,62.4,307.3,48.8,25.9,Balanced
64,26.7,3296.0,70.0,438.5,99.6,9.6,High Calorie Intake
53,26.4,2247.0,80.8,367.5,51.8,23.5,Balanced
62,21.0,1275.0,43.3,183.6,29.5,15.9,Low Nutrition Intake
41,29.0,2094.0,96.8,234.1,91.1,26.7,Balanced
32,37.6,1755.0,46.4,162.7,36.8,8.5,Low Nutrition Intake
46,24.3,2912.0,74.8,382.3,131.6,15.3,High Calorie Intake
25,24.3,2306.0,128.7,345.5,124.4,8.5,High Calorie Intake
22,18.5,2214.0,66.9,147.1,61.0,24.7,Balanced
46,23.0,2093.0,81.4,249.2,66.0,26.0,Balanced
64,35.1,2938.0,69.3,335.3,116.9,14.6,High Calorie Intake
21,35.0,2055.0,85.2,268.5,55.2,32.5,Balanced
29,34.7,2546.0,55.5,413.4,140.0,13.1,High Calorie Intake
62,25.8,2257.0,61.3,222.8,80.9,27.2,Balanced
19,35.1,3345.0,89.4,275.5,81.1,17.4,High Calorie Intake
44,23.7,1709.0,63.2,317.1,57.4,29.3,Balanced
48,28.9,2143.0,68.5,193.4,68.3,33.7,Balanced
53,21.9,2728.0,73.1,304.0,91.6,17.7,High Calorie Intake
53,19.8,2343.0,85.8,178.7,58.6,19.2,Balanced
43,23.9,2070.0,76.4,302.7,69.1,33.5,Balanced
60,32.8,1282.0,28.0,240.9,45.2,11.0,Low Nutrition Intake
44,17.5,2264.0,89.7,264.8,54.8,22.4,Balanced
22,30.7,2226.0,80.8,308.5,61.1,19.2,Balanced
37,19.0,2068.0,47.1,219.2,46.3,14.7,Low Nutrition Intake
28,29.9,1395.0,15.0,152.8,43.9,4.0,Low Nutrition Intake
27,16.7,2169.0,87.3,293.3,73.4,30.8,Balanced
57,18.7,3496.0,89.5,389.8,102.3,16.6,High Calorie Intake
55,27.5,2078.0,93.6,282.9,59.7,32.9,Balanced
23,16.2,1380.0,33.7,189.6,30.1,17.7,Low Nutrition Intake
25,24.7,1930.0,76.4,297.6,55.0,27.5,Balanced
40,40.6,1216.0,47.9,209.9,39.5,14.1,Low Nutrition Intake
64,19.0,2265.0,74.1,295.6,84.2,19.4,Balanced
43,34.0,1874.0,41.4,259.8,36.5,16.8,Low Nutrition Intake
63,30.5,1618.0,40.4,192.5,57.3,12.7,Low Nutrition Intake
60,37.0,1350.0,31.2,244.9,34.2,18.8,Low Nutrition Intake
29,18.0,1994.0,94.4,292.3,61.8,20.6,Balanced
43,21.1,1293.0,37.0,227.3,41.9,9.5,Low Nutrition Intake
30,18.7,2084.0,76.2,174.4,62.2,29.3,Balanced
57,18.8,2114.0,81.6,279.4,60.2,29.4,Balanced
35,15.9,2529.0,56.7,246.2,97.6,26.0,Balanced
42,33.0,2141.0,74.4,311.0,51.9,30.6,Balanced
50,35.0,2856.0,60.0,368.4,104.1,13.5,High Calorie Intake
64,27.4,1717.0,36.1,194.9,46.4,14.5,Low Nutrition Intake
57,25.5,2351.0,71.9,284.9,74.1,30.8,Balanced
60,20.8,997.0,51.1,221.5,35.1,11.8,Low Nutrition Intake
29,18.8,1282.0,32.6,213.3,67.4,11.8,Low Nutrition Intake
61,22.4,2029.0,78.2,195.9,55.3,24.7,Balanced
53,20.9,1918.0,94.8,208.2,77.6,33.8,Balanced
21,31.5,3080.0,69.8,392.3,96.2,5.8,High Calorie Intake
22,32.9,1895.0,77.8,222.4,59.2,27.9,Balanced
54,20.7,2999.0,88.9,394.7,112.1,12.4,High Calorie Intake
25,23.0,1131.0,40.0,164.5,38.0,9.7,Low Nutrition Intake
59,33.8,1652.0,36.2,177.3,39.8,18.5,Low Nutrition Intake
45,28.8,1872.0,66.9,145.1,35.5,11.7,Low Nutrition Intake
48,19.5,1539.0,48.7,169.6,32.1,10.0,Low Nutrition Intake
26,40.8,1460.0,59.8,294.7,85.5,33.1,Balanced
46,33.6,2386.0,63.8,212.8,39.6,21.5,Balanced
31,26.7,1471.0,32.9,205.1,47.8,12.1,Low Nutrition Intake
57,20.4,2494.0,94.1,381.8,143.8,16.5,High Calorie Intake
58,24.2,3005.0,56.6,358.8,73.8,9.3,High Calorie Intake
39,28.6,1628.0,41.6,175.2,31.1,12.5,Low Nutrition Intake
28,41.8,1722.0,46.7,148.7,52.4,20.9,Low Nutrition Intake
40,22.1,1569.0,55.7,232.7,20.1,21.5,Low Nutrition Intake
18,26.4,1714.0,50.9,185.6,24.0,12.7,Low Nutrition Intake
63,30.4,1558.0,31.7,187.6,25.8,12.5,Low Nutrition Intake
54,29.4,1798.0,57.6,273.6,56.9,22.1,Balanced
38,16.3,1298.0,77.7,211.3,48.6,10.9,Low Nutrition Intake
43,37.7,2281.0,74.8,228.7,92.0,28.4,Balanced
63,33.1,3128.0,56.5,316.5,103.8,13.1,High Calorie Intake
53,29.3,2309.0,87.5,262.6,76.6,26.2,Balanced
40,34.2,2654.0,68.8,386.8,123.6,17.1,High Calorie Intake
18,27.4,1313.0,56.6,203.3,58.5,14.3,Low Nutrition Intake
57,30.6,1880.0,94.5,236.9,69.1,26.1,Balanced
32,28.4,2162.0,75.6,193.9,51.0,31.7,Balanced
38,23.8,1553.0,67.9,153.7,39.6,18.7,Low Nutrition Intake
64,36.7,1314.0,39.2,179.7,34.7,16.1,Low Nutrition Intake
26,16.1,1687.0,101.0,221.6,35.4,24.9,Balanced
26,35.8,2052.0,75.5,272.5,74.0,35.1,Balanced
27,20.0,1971.0,88.8,288.4,28.0,20.0,Balanced
43,18.8,1815.0,84.3,273.5,70.0,23.2,Balanced
58,20.4,2097.0,77.6,244.0,75.9,18.6,Balanced
52,13.0,1262.0,46.5,177.1,26.7,16.1,Low Nutrition Intake
42,38.7,2001.0,66.2,253.0,52.5,24.8,Balanced
43,28.5,1364.0,38.8,172.3,51.9,15.5,Low Nutrition Intake
28,21.4,1040.0,55.6,208.1,45.5,17.6,Low Nutrition Intake
55,18.4,2955.0,81.9,356.8,122.0,17.1,High Calorie Intake
19,14.2,1792.0,92.5,254.8,61.2,22.3,Balanced
24,20.0,2824.0,75.7,330.6,73.6,10.7,High Calorie Intake
35,19.8,2249.0,75.7,304.5,64.1,30.1,Balanced
44,38.3,1970.0,71.9,260.4,62.9,23.6,Balanced
51,18.5,1241.0,26.0,212.1,46.2,11.5,Low Nutrition Intake
44,18.5,1541.0,43.0,228.7,24.3,13.5,Low Nutrition Intake
34,20.0,1400.0,46.9,243.8,38.5,17.0,Low Nutrition Intake
60,18.8,2900.0,89.1,417.6,98.3,14.0,High Calorie Intake
61,30.5,2277.0,68.8,267.6,60.0,27.2,Balanced
41,27.3,2108.0,68.3,304.2,68.4,24.7,Balanced
42,21.0,2259.0,54.6,343.6,65.3,13.2,Balanced
24,13.6,3357.0,60.0,432.2,107.4,8.1,High Calorie Intake
23,22.5,1513.0,47.3,230.3,46.3,9.0,Low Nutrition Intake
41,22.0,1691.0,40.0,250.2,35.7,13.2,Low Nutrition Intake
50,24.4,1936.0,71.0,229.5,81.5,17.0,Balanced
46,42.1,3224.0,85.3,448.9,105.9,10.9,High Calorie Intake
60,32.4,2892.0,81.5,384.2,112.3,22.8,High Calorie Intake
